iteration,true_alpha,true_temperature,recovered_alpha,recovered_temperature
0,0.1,1.6161616161616161,0.2620088673816707,2.0843998982540968
0,0.14949494949494951,3.3333333333333335,0.14969271835775808,3.618710740800293
0,0.198989898989899,9.191919191919192,0.4983996069116887,4.416284054516231
0,0.2484848484848485,0.0,0.2163268521826043,0.01
0,0.297979797979798,4.141414141414141,0.35902340100091074,3.6565816159955222
0,0.3474747474747475,2.0202020202020203,0.7023485428940316,2.235780704617563
0,0.396969696969697,7.373737373737374,1.3585095045325282,10.0
0,0.44646464646464656,6.262626262626262,0.3199924883326782,5.2161305320912215
0,0.49595959595959604,1.1111111111111112,0.5952575003693409,0.9956168394933136
0,0.5454545454545455,7.171717171717171,0.001,9.470738886720142
0,0.594949494949495,3.6363636363636362,0.7076160298110937,3.954593783744661
0,0.6444444444444445,6.767676767676767,0.7326972683923879,9.88248426291187
0,0.693939393939394,1.9191919191919191,0.6018866064889218,1.169299760714889
0,0.7434343434343434,5.05050505050505,0.7090910200649744,3.684701935017554
0,0.792929292929293,6.8686868686868685,0.5447302518403616,4.547239273219503
0,0.8424242424242425,6.8686868686868685,0.893902849726625,2.476822041037179
0,0.891919191919192,5.454545454545454,0.6813629684227894,2.4688658389952516
0,0.9414141414141415,4.747474747474747,0.8482131379321672,2.244353890097707
0,0.990909090909091,5.454545454545454,0.27735501002950275,4.102268009637713
0,1.0404040404040407,3.6363636363636362,1.607691856140438,2.474754185010092
0,1.0898989898989901,1.2121212121212122,1.078336017219763,0.9501638805704825
0,1.1393939393939396,9.191919191919192,1.1371665656059817,8.919522362543395
0,1.188888888888889,7.070707070707071,1.4460509652361055,10.0
0,1.2383838383838386,1.3131313131313131,1.1941456455180293,1.6571749676325467
0,1.287878787878788,5.858585858585858,2.0155044031862532,8.760231713885752
0,1.3373737373737375,8.383838383838384,0.9931329909070598,3.251894907505275
0,1.386868686868687,7.373737373737374,0.782368953921519,3.9167214912967943
0,1.4363636363636367,0.5050505050505051,1.514791913096329,0.01
0,1.4858585858585862,3.9393939393939394,1.2587643146123164,1.811953091157753
0,1.5353535353535357,8.484848484848484,1.9898156924131263,10.0
0,1.5848484848484852,8.484848484848484,1.692567629551326,6.175970000984799
0,1.6343434343434347,4.545454545454545,1.5177257500962387,2.6393624155555653
0,1.6838383838383841,9.393939393939394,1.6699687273406758,10.0
0,1.7333333333333336,4.242424242424242,1.875392912610774,5.5578381773977314
0,1.782828282828283,3.5353535353535355,1.4477259422958564,1.4248268826829673
0,1.8323232323232326,5.454545454545454,3.9065418285250906,10.0
0,1.881818181818182,2.727272727272727,1.7291838704521971,2.921874195290252
0,1.9313131313131315,9.8989898989899,1.2294993876883755,5.600719196207682
0,1.9808080808080812,4.242424242424242,1.2878072408892582,0.9833139065454888
0,2.0303030303030307,6.262626262626262,1.1447120809721827,1.6462452347473941
0,2.07979797979798,0.20202020202020202,2.187260880081016,0.2317681601405533
0,2.1292929292929297,6.262626262626262,1.1366044614874418,4.2414502209732
0,2.178787878787879,7.2727272727272725,2.447739298994657,10.0
0,2.2282828282828286,3.9393939393939394,2.1790418021244267,3.2393042553700115
0,2.277777777777778,4.646464646464646,2.767545548688162,10.0
0,2.3272727272727276,10.0,4.453519886349628,10.0
0,2.376767676767677,4.141414141414141,1.3839380178530527,1.1399590373602118
0,2.4262626262626266,0.6060606060606061,2.12447897677902,0.2384513341968344
0,2.475757575757576,2.727272727272727,4.883112930420331,10.0
0,2.5252525252525255,3.5353535353535355,2.6601613257375614,5.711849843400136
0,2.574747474747475,9.595959595959595,1.217128360060374,5.4228877990167454
0,2.6242424242424245,7.6767676767676765,2.1729401274277844,7.028051436535197
0,2.673737373737374,5.858585858585858,2.2713352031891283,1.9192138894109443
0,2.7232323232323234,8.484848484848484,1.4820518536766212,6.546308591985087
0,2.7727272727272734,7.6767676767676765,1.6077357846529001,2.4748654847182734
0,2.822222222222223,1.0101010101010102,2.188215417020946,0.23278537023568194
0,2.8717171717171723,0.9090909090909091,5.0,0.01
0,2.921212121212122,5.656565656565657,2.2486412845108528,1.631957853329205
0,2.9707070707070713,7.6767676767676765,1.108247295546291,2.95546522788397
0,3.0202020202020208,6.161616161616162,2.2722780572288435,5.039691961853523
0,3.0696969696969703,9.393939393939394,1.7557175990424936,1.9216346420188564
0,3.1191919191919197,1.8181818181818181,2.2470072111588,0.23924444725392346
0,3.168686868686869,2.929292929292929,2.558234276572872,2.2322135786859123
0,3.2181818181818187,4.646464646464646,2.1790902664626124,3.2394216793022474
0,3.267676767676768,9.696969696969697,1.5842418944889973,8.908119308094179
0,3.3171717171717177,0.6060606060606061,5.0,0.010000000000000156
0,3.366666666666667,9.8989898989899,1.4435838230324658,3.466784974045098
0,3.4161616161616166,2.121212121212121,4.686711937884606,3.9225179714306027
0,3.465656565656566,0.7070707070707071,5.0,0.01
0,3.5151515151515156,3.8383838383838382,2.1158585766128564,0.2220169801649566
0,3.564646464646465,3.9393939393939394,4.775914176032963,5.191730102732145
0,3.6141414141414145,5.959595959595959,5.0,8.405343073695937
0,3.663636363636364,3.6363636363636362,5.0,3.4580690315651927
0,3.7131313131313135,5.353535353535354,1.7088615592429324,3.3164366704538977
0,3.762626262626263,0.40404040404040403,5.0,0.01
0,3.812121212121213,1.4141414141414141,5.0,0.01
0,3.8616161616161624,2.8282828282828283,4.200785353866498,3.609436730881906
0,3.911111111111112,6.262626262626262,4.935733833743147,10.0
0,3.9606060606060614,1.1111111111111112,5.0,0.01
0,4.01010101010101,7.575757575757575,3.2946613545717005,10.0
0,4.05959595959596,1.1111111111111112,5.0,0.01
0,4.109090909090909,1.2121212121212122,2.250904243106196,0.24297719862938663
0,4.158585858585859,6.161616161616162,2.5603856656407613,3.257755596308699
0,4.208080808080808,0.40404040404040403,5.0,0.01
0,4.257575757575758,7.373737373737374,2.0162899159888883,0.21428607348412174
0,4.307070707070707,5.05050505050505,5.0,10.0
0,4.356565656565657,2.121212121212121,5.0,0.01
0,4.406060606060606,0.6060606060606061,5.0,0.01000000000000044
0,4.455555555555556,5.454545454545454,5.0,4.851288565783858
0,4.505050505050505,1.2121212121212122,2.185300460761133,0.1795033649289522
0,4.554545454545455,4.343434343434343,3.799761148139625,3.3232357285500034
0,4.604040404040404,3.9393939393939394,3.5941347038825184,2.9342547090221385
0,4.653535353535354,7.777777777777778,5.0,9.333499920034509
0,4.703030303030303,5.05050505050505,4.8513441282704,7.3884776043197276
0,4.752525252525253,8.383838383838384,4.164564777461171,10.0
0,4.802020202020202,0.7070707070707071,5.0,0.010000000000000106
0,4.851515151515152,2.2222222222222223,5.0,0.01
0,4.901010101010101,7.2727272727272725,4.298711300377048,5.200938217747714
0,4.9505050505050505,8.686868686868687,2.558247964549521,2.232232731104119
0,5.0,3.6363636363636362,5.0,4.869511093548077
1,0.1,1.6161616161616161,0.001,2.011028976629989
1,0.14949494949494951,3.3333333333333335,0.6756239230540054,2.82514834034747
1,0.198989898989899,9.191919191919192,1.5756566998394115,10.0
1,0.2484848484848485,0.0,0.2940556073043317,0.01
1,0.297979797979798,4.141414141414141,0.16167284179550065,2.360290561573428
1,0.3474747474747475,2.0202020202020203,0.8627425711760138,1.9805676010350364
1,0.396969696969697,7.373737373737374,1.1088945404545778,10.0
1,0.44646464646464656,6.262626262626262,0.537368272551527,5.719838737467527
1,0.49595959595959604,1.1111111111111112,0.4253337700002706,1.1477401022378995
1,0.5454545454545455,7.171717171717171,0.30366445220467875,4.680310915477943
1,0.594949494949495,3.6363636363636362,0.8778627605410511,1.7797944696661225
1,0.6444444444444445,6.767676767676767,0.23739281462967754,10.0
1,0.693939393939394,1.9191919191919191,0.6520958881949669,1.6499912533265293
1,0.7434343434343434,5.05050505050505,0.5796769682798358,3.46771953866265
1,0.792929292929293,6.8686868686868685,0.5562589588009732,10.0
1,0.8424242424242425,6.8686868686868685,0.6857440278788698,3.693896778149824
1,0.891919191919192,5.454545454545454,1.6185566298387641,9.315359409050245
1,0.9414141414141415,4.747474747474747,0.9923807141676273,4.495128830288132
1,0.990909090909091,5.454545454545454,0.5992955865350176,4.458359502930329
1,1.0404040404040407,3.6363636363636362,0.7899167660755151,1.859776888461998
1,1.0898989898989901,1.2121212121212122,1.1932769149977258,1.264213898590846
1,1.1393939393939396,9.191919191919192,1.5361733072683077,10.0
1,1.188888888888889,7.070707070707071,0.99612836534075,2.29985452654719
1,1.2383838383838386,1.3131313131313131,1.161090291148267,1.031422579954123
1,1.287878787878788,5.858585858585858,2.410663765681494,10.0
1,1.3373737373737375,8.383838383838384,1.20527932421271,5.252330228404643
1,1.386868686868687,7.373737373737374,1.3685076439943828,2.5664479201777888
1,1.4363636363636367,0.5050505050505051,1.294603771654782,0.5703570344644011
1,1.4858585858585862,3.9393939393939394,2.130152699868454,5.653077356266811
1,1.5353535353535357,8.484848484848484,0.9159600987879417,2.5007650260884535
1,1.5848484848484852,8.484848484848484,2.9923736413454356,10.0
1,1.6343434343434347,4.545454545454545,1.7817049445497133,5.293634089794922
1,1.6838383838383841,9.393939393939394,2.285273960455479,10.0
1,1.7333333333333336,4.242424242424242,1.287230742224285,0.6765792594553025
1,1.782828282828283,3.5353535353535355,2.3760878960993748,3.189537699542203
1,1.8323232323232326,5.454545454545454,1.8500188939014726,4.725307406927403
1,1.881818181818182,2.727272727272727,1.063687538051912,0.7319369095419266
1,1.9313131313131315,9.8989898989899,3.26790862101549,10.0
1,1.9808080808080812,4.242424242424242,2.784104164808647,5.507337358104407
1,2.0303030303030307,6.262626262626262,1.8500320256837788,4.725516947203858
1,2.07979797979798,0.20202020202020202,2.1472849438284083,0.2271457012534022
1,2.1292929292929297,6.262626262626262,1.39263021381111,3.346001483320115
1,2.178787878787879,7.2727272727272725,1.6400281813769713,5.355605880282914
1,2.2282828282828286,3.9393939393939394,1.7625521252059306,2.167935676145621
1,2.277777777777778,4.646464646464646,4.810290213945288,5.778224210816717
1,2.3272727272727276,10.0,4.635391988666922,10.0
1,2.376767676767677,4.141414141414141,2.037646184949746,5.1525215289147654
1,2.4262626262626266,0.6060606060606061,5.0,0.01
1,2.475757575757576,2.727272727272727,3.0834148183568844,7.803352051650171
1,2.5252525252525255,3.5353535353535355,5.0,10.0
1,2.574747474747475,9.595959595959595,2.4106902287071534,10.0
1,2.6242424242424245,7.6767676767676765,3.1638755363579354,10.0
1,2.673737373737374,5.858585858585858,3.11078414590908,5.9567133537576575
1,2.7232323232323234,8.484848484848484,3.215299288872732,10.0
1,2.7727272727272734,7.6767676767676765,1.3866972857696982,3.0005388167279046
1,2.822222222222223,1.0101010101010102,2.1474686302098283,0.22741393660041626
1,2.8717171717171723,0.9090909090909091,2.1085039845255453,0.1672999400577991
1,2.921212121212122,5.656565656565657,2.6687324314369154,3.03907005501928
1,2.9707070707070713,7.6767676767676765,3.8376664293844907,10.0
1,3.0202020202020208,6.161616161616162,1.8809406742276082,3.4591551258284974
1,3.0696969696969703,9.393939393939394,1.482071598493386,6.546590339406119
1,3.1191919191919197,1.8181818181818181,4.0725774030557265,4.718919336808734
1,3.168686868686869,2.929292929292929,2.1168967724774803,0.22401528258109044
1,3.2181818181818187,4.646464646464646,2.758767405991394,2.7372735131428545
1,3.267676767676768,9.696969696969697,3.113556120811916,10.0
1,3.3171717171717177,0.6060606060606061,5.0,0.01
1,3.366666666666667,9.8989898989899,3.77292483148075,7.721991256114218
1,3.4161616161616166,2.121212121212121,3.3938607362921642,2.5596597044835874
1,3.465656565656566,0.7070707070707071,5.0,0.01
1,3.5151515151515156,3.8383838383838382,1.9587967377370008,1.3162822141421324
1,3.564646464646465,3.9393939393939394,3.725845290171405,2.7615995364294657
1,3.6141414141414145,5.959595959595959,2.2687411080931588,5.345165358004012
1,3.663636363636364,3.6363636363636362,2.1555542171437465,2.2186894909101293
1,3.7131313131313135,5.353535353535354,3.1818961236947585,2.82474301572689
1,3.762626262626263,0.40404040404040403,5.0,0.01
1,3.812121212121213,1.4141414141414141,5.0,0.01
1,3.8616161616161624,2.8282828282828283,5.0,0.01
1,3.911111111111112,6.262626262626262,2.580741129895125,2.795425783295882
1,3.9606060606060614,1.1111111111111112,5.0,0.01
1,4.01010101010101,7.575757575757575,4.497733071069779,10.0
1,4.05959595959596,1.1111111111111112,5.0,0.01
1,4.109090909090909,1.2121212121212122,5.0,0.01
1,4.158585858585859,6.161616161616162,2.5190762393662784,1.890424411694197
1,4.208080808080808,0.40404040404040403,5.0,0.01
1,4.257575757575758,7.373737373737374,2.9428437682210054,5.055013201529759
1,4.307070707070707,5.05050505050505,5.0,7.115654291742958
1,4.356565656565657,2.121212121212121,2.1870090230333705,0.2313054627777532
1,4.406060606060606,0.6060606060606061,5.0,0.01000000000000026
1,4.455555555555556,5.454545454545454,2.4661292067662313,3.2267325952486448
1,4.505050505050505,1.2121212121212122,5.0,0.01
1,4.554545454545455,4.343434343434343,3.215176307144513,0.09784797898108603
1,4.604040404040404,3.9393939393939394,5.0,5.278333795376141
1,4.653535353535354,7.777777777777778,4.560864929644871,6.711172567678184
1,4.703030303030303,5.05050505050505,2.04978145758066,0.21231910154265696
1,4.752525252525253,8.383838383838384,2.1683060736091324,4.2677317595497914
1,4.802020202020202,0.7070707070707071,5.0,0.01
1,4.851515151515152,2.2222222222222223,2.2510835227711383,0.2431786521208619
1,4.901010101010101,7.2727272727272725,2.083983367033446,2.8709038425127145
1,4.9505050505050505,8.686868686868687,3.9417349131129384,10.0
1,5.0,3.6363636363636362,5.0,0.01
2,0.1,1.6161616161616161,0.18675324543829097,1.358886155848104
2,0.14949494949494951,3.3333333333333335,0.001,6.007480283189186
2,0.198989898989899,9.191919191919192,1.155111343249321,10.0
2,0.2484848484848485,0.0,0.2202694370299579,0.01
2,0.297979797979798,4.141414141414141,0.3154551697851581,1.9897969568821623
2,0.3474747474747475,2.0202020202020203,0.001,2.6066019743292124
2,0.396969696969697,7.373737373737374,0.12186065769358627,3.662781537329348
2,0.44646464646464656,6.262626262626262,0.5978877329188966,10.0
2,0.49595959595959604,1.1111111111111112,0.3893432133530086,2.080460698700783
2,0.5454545454545455,7.171717171717171,0.45319265955343757,3.4995221641336616
2,0.594949494949495,3.6363636363636362,0.7274508285441565,1.5537628073725742
2,0.6444444444444445,6.767676767676767,0.7452846699512236,10.0
2,0.693939393939394,1.9191919191919191,0.6072359720383373,2.1164561606353676
2,0.7434343434343434,5.05050505050505,0.8192595346354902,4.779842256997312
2,0.792929292929293,6.8686868686868685,0.7588301657793434,4.338195255223293
2,0.8424242424242425,6.8686868686868685,0.6229867359953141,2.6731528136134104
2,0.891919191919192,5.454545454545454,0.5770510949257903,10.0
2,0.9414141414141415,4.747474747474747,0.5820190407542286,4.150240197870103
2,0.990909090909091,5.454545454545454,0.9679119133230208,4.659250595377097
2,1.0404040404040407,3.6363636363636362,0.7733276138732584,1.6978660422388703
2,1.0898989898989901,1.2121212121212122,0.8576489657443264,1.6201072673097905
2,1.1393939393939396,9.191919191919192,1.4843437060333078,10.0
2,1.188888888888889,7.070707070707071,1.6415356912397034,4.019912081819477
2,1.2383838383838386,1.3131313131313131,0.9818960586126447,0.9914572604872353
2,1.287878787878788,5.858585858585858,0.9695437106341149,3.2993855079771373
2,1.3373737373737375,8.383838383838384,1.7833049706099355,8.44753352768511
2,1.386868686868687,7.373737373737374,1.2803406861335078,2.622330469016175
2,1.4363636363636367,0.5050505050505051,1.3870450665247804,0.01
2,1.4858585858585862,3.9393939393939394,2.3889141781651375,7.872407992728854
2,1.5353535353535357,8.484848484848484,2.166102239081926,10.0
2,1.5848484848484852,8.484848484848484,1.4387932255928664,6.082207352536068
2,1.6343434343434347,4.545454545454545,1.2883965676588023,3.3272827183806943
2,1.6838383838383841,9.393939393939394,0.9728832866616995,4.7911110295501835
2,1.7333333333333336,4.242424242424242,1.1208923664400379,3.1365683917798908
2,1.782828282828283,3.5353535353535355,2.1592017318162364,2.012461450158617
2,1.8323232323232326,5.454545454545454,1.668965320102485,5.206508273592016
2,1.881818181818182,2.727272727272727,2.379946227081286,3.728375672695505
2,1.9313131313131315,9.8989898989899,1.8395887805762845,10.0
2,1.9808080808080812,4.242424242424242,0.8465139840044896,4.639054792604506
2,2.0303030303030307,6.262626262626262,3.8837850998737107,9.491204041221495
2,2.07979797979798,0.20202020202020202,2.0944036793715712,0.227547280834978
2,2.1292929292929297,6.262626262626262,1.231286303184812,3.402800183725421
2,2.178787878787879,7.2727272727272725,1.5397571441236522,4.917310266441584
2,2.2282828282828286,3.9393939393939394,2.1635443004463983,4.841947778116484
2,2.277777777777778,4.646464646464646,1.7103005222117222,2.5802860459229056
2,2.3272727272727276,10.0,1.735490285968594,2.7135396535916665
2,2.376767676767677,4.141414141414141,2.2185876580152377,4.491674613916107
2,2.4262626262626266,0.6060606060606061,2.1505754168121163,0.23219759701769943
2,2.475757575757576,2.727272727272727,2.1393480988800597,1.5182474824348153
2,2.5252525252525255,3.5353535353535355,2.7355070619893036,2.4116005598514625
2,2.574747474747475,9.595959595959595,2.1827729808644385,10.0
2,2.6242424242424245,7.6767676767676765,1.4942000163208629,1.9917401723043082
2,2.673737373737374,5.858585858585858,1.8866113795985562,2.9833353501135838
2,2.7232323232323234,8.484848484848484,1.120607730109872,3.9991127247193066
2,2.7727272727272734,7.6767676767676765,3.001703221337314,8.317002826820552
2,2.822222222222223,1.0101010101010102,5.0,0.01
2,2.8717171717171723,0.9090909090909091,5.0,0.01
2,2.921212121212122,5.656565656565657,1.60537523207735,2.9542461027418985
2,2.9707070707070713,7.6767676767676765,2.0653056531898715,5.642810342290507
2,3.0202020202020208,6.161616161616162,3.550436982450946,10.0
2,3.0696969696969703,9.393939393939394,3.215308947193647,10.0
2,3.1191919191919197,1.8181818181818181,4.6866795001753045,3.922477117088815
2,3.168686868686869,2.929292929292929,2.1879403549995193,0.23249022702875127
2,3.2181818181818187,4.646464646464646,1.4866587689524382,1.0322835386137643
2,3.267676767676768,9.696969696969697,2.767540234067694,10.0
2,3.3171717171717177,0.6060606060606061,5.0,0.010000000000000155
2,3.366666666666667,9.8989898989899,1.7571378336320567,6.698606588349216
2,3.4161616161616166,2.121212121212121,4.278798354261005,4.704108152167806
2,3.465656565656566,0.7070707070707071,5.0,0.01
2,3.5151515151515156,3.8383838383838382,1.9114795942251277,2.624912750749541
2,3.564646464646465,3.9393939393939394,3.8764800776044264,4.705842194363799
2,3.6141414141414145,5.959595959595959,1.9372320543712802,0.19580589138411186
2,3.663636363636364,3.6363636363636362,2.1925422525671303,0.23816713646593765
2,3.7131313131313135,5.353535353535354,3.4646835123035706,3.062345322716218
2,3.762626262626263,0.40404040404040403,5.0,0.01
2,3.812121212121213,1.4141414141414141,5.0,0.010000000000000196
2,3.8616161616161624,2.8282828282828283,2.115539578925875,0.22144310619450847
2,3.911111111111112,6.262626262626262,5.0,5.450677833705545
2,3.9606060606060614,1.1111111111111112,5.0,0.01
2,4.01010101010101,7.575757575757575,1.4935640854610517,3.8640735301181524
2,4.05959595959596,1.1111111111111112,5.0,0.01
2,4.109090909090909,1.2121212121212122,5.0,0.01
2,4.158585858585859,6.161616161616162,5.0,0.01
2,4.208080808080808,0.40404040404040403,5.0,0.01
2,4.257575757575758,7.373737373737374,2.1113100868842167,3.4763956329985386
2,4.307070707070707,5.05050505050505,4.686760173823371,3.922516547736338
2,4.356565656565657,2.121212121212121,2.0327212508741805,0.21332158459469294
2,4.406060606060606,0.6060606060606061,5.0,0.04600978659549946
2,4.455555555555556,5.454545454545454,5.0,5.138266173870587
2,4.505050505050505,1.2121212121212122,5.0,0.01
2,4.554545454545455,4.343434343434343,5.0,8.481465151425226
2,4.604040404040404,3.9393939393939394,4.686512849784921,3.9222917640307404
2,4.653535353535354,7.777777777777778,3.22034500162922,4.217033567988611
2,4.703030303030303,5.05050505050505,4.200750008906314,3.6091885695440746
2,4.752525252525253,8.383838383838384,3.376841836567796,10.0
2,4.802020202020202,0.7070707070707071,5.0,0.01
2,4.851515151515152,2.2222222222222223,5.0,0.01
2,4.901010101010101,7.2727272727272725,3.393827874268938,2.5596062120424907
2,4.9505050505050505,8.686868686868687,5.0,9.882816719005305
2,5.0,3.6363636363636362,5.0,3.866340213523062
3,0.1,1.6161616161616161,0.2127821152753934,1.66698488534992
3,0.14949494949494951,3.3333333333333335,0.001,4.368238638203238
3,0.198989898989899,9.191919191919192,0.001,10.0
3,0.2484848484848485,0.0,0.24860334329598927,0.01
3,0.297979797979798,4.141414141414141,0.001,2.968877297297512
3,0.3474747474747475,2.0202020202020203,0.5109988094651617,1.5350959347875885
3,0.396969696969697,7.373737373737374,0.001,10.0
3,0.44646464646464656,6.262626262626262,0.45159364325004214,3.9064119828173776
3,0.49595959595959604,1.1111111111111112,0.4546796172191446,0.7473762290779165
3,0.5454545454545455,7.171717171717171,0.9733635052812991,10.0
3,0.594949494949495,3.6363636363636362,0.7619144617611767,5.0601246372185695
3,0.6444444444444445,6.767676767676767,0.5737254710143516,3.0485142915342496
3,0.693939393939394,1.9191919191919191,0.5498399780291696,1.024084213431308
3,0.7434343434343434,5.05050505050505,0.7645879801395767,5.642352874866452
3,0.792929292929293,6.8686868686868685,0.8310156601687104,10.0
3,0.8424242424242425,6.8686868686868685,1.4221337405423706,9.874148370321231
3,0.891919191919192,5.454545454545454,0.6483704143805341,4.68992248328193
3,0.9414141414141415,4.747474747474747,0.6242265014490902,3.390518220796631
3,0.990909090909091,5.454545454545454,1.1494445784797147,3.5324746053066027
3,1.0404040404040407,3.6363636363636362,0.6730149334396047,2.020122601065737
3,1.0898989898989901,1.2121212121212122,1.137366372656887,0.6322446535421238
3,1.1393939393939396,9.191919191919192,0.776382231590704,3.080514823837494
3,1.188888888888889,7.070707070707071,2.622211874457442,10.0
3,1.2383838383838386,1.3131313131313131,1.290946247378047,1.2695785951382317
3,1.287878787878788,5.858585858585858,1.484290040998422,3.2011342704070467
3,1.3373737373737375,8.383838383838384,0.43421559907602264,2.65299239170037
3,1.386868686868687,7.373737373737374,1.3957287026248029,10.0
3,1.4363636363636367,0.5050505050505051,1.2569029920055028,0.01
3,1.4858585858585862,3.9393939393939394,1.0398717621196838,3.1454402990882206
3,1.5353535353535357,8.484848484848484,1.1671203572692566,6.57324248428534
3,1.5848484848484852,8.484848484848484,0.9733627772192199,10.0
3,1.6343434343434347,4.545454545454545,1.8320678426591896,3.738397989364442
3,1.6838383838383841,9.393939393939394,0.3091414965101093,9.999248875694853
3,1.7333333333333336,4.242424242424242,3.705661455372328,10.0
3,1.782828282828283,3.5353535353535355,1.1197135224990646,1.0592511785841021
3,1.8323232323232326,5.454545454545454,1.0212833787314641,3.8315773443488235
3,1.881818181818182,2.727272727272727,1.5516885596213041,2.1330992169027723
3,1.9313131313131315,9.8989898989899,1.2680946566040112,1.6149108141928574
3,1.9808080808080812,4.242424242424242,1.5765169264185142,3.870597230258153
3,2.0303030303030307,6.262626262626262,1.9030281571682903,4.720695267297638
3,2.07979797979798,0.20202020202020202,2.0501161749691033,0.21383901198273308
3,2.1292929292929297,6.262626262626262,2.615326144429833,4.883740964290773
3,2.178787878787879,7.2727272727272725,4.325485996797099,10.0
3,2.2282828282828286,3.9393939393939394,3.333509666276125,4.8589175245229415
3,2.277777777777778,4.646464646464646,2.375463606634397,4.564434655372611
3,2.3272727272727276,10.0,2.9456209302973777,10.0
3,2.376767676767677,4.141414141414141,3.8718506579571863,10.0
3,2.4262626262626266,0.6060606060606061,2.245841309327692,0.23810934246847973
3,2.475757575757576,2.727272727272727,2.404849380243918,2.068757455300897
3,2.5252525252525255,3.5353535353535355,2.324816028262757,1.8484580262662724
3,2.574747474747475,9.595959595959595,1.365791356302951,5.28821530489
3,2.6242424242424245,7.6767676767676765,0.8563113759016167,3.7554217857721914
3,2.673737373737374,5.858585858585858,1.6262188951678391,3.0836798525359925
3,2.7232323232323234,8.484848484848484,2.410657313661419,7.562747888140964
3,2.7727272727272734,7.6767676767676765,2.6412161061031387,3.502805263360619
3,2.822222222222223,1.0101010101010102,2.247454931227618,0.23964377294734734
3,2.8717171717171723,0.9090909090909091,5.0,0.01
3,2.921212121212122,5.656565656565657,5.0,8.60325718346668
3,2.9707070707070713,7.6767676767676765,3.4385028662326906,6.654238145198048
3,3.0202020202020208,6.161616161616162,2.115664266713616,4.611348809994801
3,3.0696969696969703,9.393939393939394,2.0331182194380135,3.92935647578006
3,3.1191919191919197,1.8181818181818181,3.4646528867088078,3.0623225523717745
3,3.168686868686869,2.929292929292929,2.397142330074643,3.0060998920045066
3,3.2181818181818187,4.646464646464646,2.3136332122747203,2.9797819944807338
3,3.267676767676768,9.696969696969697,1.8500061827161882,4.725235383054179
3,3.3171717171717177,0.6060606060606061,5.0,0.01
3,3.366666666666667,9.8989898989899,2.6424286335359035,10.0
3,3.4161616161616166,2.121212121212121,2.1876675033160105,0.2320807800553055
3,3.465656565656566,0.7070707070707071,5.0,0.01
3,3.5151515151515156,3.8383838383838382,2.049901284181972,0.21281120425370542
3,3.564646464646465,3.9393939393939394,3.844051190091377,5.8326814812603995
3,3.6141414141414145,5.959595959595959,4.781047118366459,10.0
3,3.663636363636364,3.6363636363636362,2.8849597220751804,2.1975869051632277
3,3.7131313131313135,5.353535353535354,4.686663049631563,3.9224342793960734
3,3.762626262626263,0.40404040404040403,5.0,0.01
3,3.812121212121213,1.4141414141414141,5.0,0.01
3,3.8616161616161624,2.8282828282828283,5.0,2.45492658523402
3,3.911111111111112,6.262626262626262,5.0,8.511909307149939
3,3.9606060606060614,1.1111111111111112,5.0,0.01
3,4.01010101010101,7.575757575757575,5.0,8.816163976033192
3,4.05959595959596,1.1111111111111112,5.0,0.03968797598245628
3,4.109090909090909,1.2121212121212122,4.217437364968468,0.03346410899167829
3,4.158585858585859,6.161616161616162,5.0,10.0
3,4.208080808080808,0.40404040404040403,5.0,0.01
3,4.257575757575758,7.373737373737374,2.558254963261158,2.2322553707410933
3,4.307070707070707,5.05050505050505,5.0,5.670765448230965
3,4.356565656565657,2.121212121212121,5.0,0.01
3,4.406060606060606,0.6060606060606061,5.0,0.01
3,4.455555555555556,5.454545454545454,5.0,6.165022559512366
3,4.505050505050505,1.2121212121212122,5.0,0.0100000000000002
3,4.554545454545455,4.343434343434343,3.079102881933814,4.165987955086441
3,4.604040404040404,3.9393939393939394,2.070269467728729,0.21925280213265072
3,4.653535353535354,7.777777777777778,5.0,10.0
3,4.703030303030303,5.05050505050505,2.1545449824754477,1.782159982913087
3,4.752525252525253,8.383838383838384,1.4235831609342557,1.236037897304052
3,4.802020202020202,0.7070707070707071,5.0,0.010000000000000148
3,4.851515151515152,2.2222222222222223,5.0,0.01
3,4.901010101010101,7.2727272727272725,2.464312150341151,1.9917656045616932
3,4.9505050505050505,8.686868686868687,5.0,3.3117880374253126
3,5.0,3.6363636363636362,5.0,0.01
4,0.1,1.6161616161616161,0.36974060917021306,0.8820139521079354
4,0.14949494949494951,3.3333333333333335,0.001,3.996252425890605
4,0.198989898989899,9.191919191919192,0.7240397554830901,10.0
4,0.2484848484848485,0.0,0.22624421669629777,0.01
4,0.297979797979798,4.141414141414141,0.001,10.0
4,0.3474747474747475,2.0202020202020203,0.32255031106136245,1.7003752076322787
4,0.396969696969697,7.373737373737374,0.4219900994723388,10.0
4,0.44646464646464656,6.262626262626262,1.1551128126625692,10.0
4,0.49595959595959604,1.1111111111111112,0.5567400891618676,0.7598721998716812
4,0.5454545454545455,7.171717171717171,0.3815065483573183,5.149123156787078
4,0.594949494949495,3.6363636363636362,0.3429201005553352,4.496502237070479
4,0.6444444444444445,6.767676767676767,1.408232773354807,10.0
4,0.693939393939394,1.9191919191919191,0.8227011459691731,1.5081175496634853
4,0.7434343434343434,5.05050505050505,0.4590063637295297,4.720000997239592
4,0.792929292929293,6.8686868686868685,0.024763897561790548,8.15002137871001
4,0.8424242424242425,6.8686868686868685,0.8312962478340659,5.6323386686653585
4,0.891919191919192,5.454545454545454,0.7877883986499542,4.551202477474245
4,0.9414141414141415,4.747474747474747,0.2988715955212483,10.0
4,0.990909090909091,5.454545454545454,0.8674429746010093,4.267551029418834
4,1.0404040404040407,3.6363636363636362,1.3131235496867062,7.469972902212102
4,1.0898989898989901,1.2121212121212122,0.9440256505678463,1.0789374987380782
4,1.1393939393939396,9.191919191919192,0.35303013741989175,3.734757858306108
4,1.188888888888889,7.070707070707071,0.8566348800741305,2.6853386183639065
4,1.2383838383838386,1.3131313131313131,1.2482800937186624,1.0153371697998104
4,1.287878787878788,5.858585858585858,1.767607819934301,10.0
4,1.3373737373737375,8.383838383838384,0.7326104964213501,3.760800995161274
4,1.386868686868687,7.373737373737374,2.4477427040253095,10.0
4,1.4363636363636367,0.5050505050505051,1.3844168215499466,0.5454979000467596
4,1.4858585858585862,3.9393939393939394,0.7602849383625648,4.6799416238273395
4,1.5353535353535357,8.484848484848484,1.6837053733588005,10.0
4,1.5848484848484852,8.484848484848484,1.232645030871132,6.252396570201515
4,1.6343434343434347,4.545454545454545,1.7089004152605498,3.316669055943489
4,1.6838383838383841,9.393939393939394,1.006810976328215,10.0
4,1.7333333333333336,4.242424242424242,2.456459568788188,5.5378967836834985
4,1.782828282828283,3.5353535353535355,1.222788213548789,2.638703784509341
4,1.8323232323232326,5.454545454545454,1.7733598857306325,3.4177266241328175
4,1.881818181818182,2.727272727272727,1.5505193164718185,0.7670029490758266
4,1.9313131313131315,9.8989898989899,1.7113863815870187,10.0
4,1.9808080808080812,4.242424242424242,2.233655728447694,2.9479214253981745
4,2.0303030303030307,6.262626262626262,2.0630123127946147,4.654190600375448
4,2.07979797979798,0.20202020202020202,2.1492996090441947,0.23019446131199012
4,2.1292929292929297,6.262626262626262,3.4332763413088547,10.0
4,2.178787878787879,7.2727272727272725,1.5104472398383597,5.042984565886803
4,2.2282828282828286,3.9393939393939394,1.9326057641194327,4.277971987479381
4,2.277777777777778,4.646464646464646,3.2946596579605028,10.0
4,2.3272727272727276,10.0,2.694593411113121,7.7590556947658165
4,2.376767676767677,4.141414141414141,4.051095478543209,8.137886356101134
4,2.4262626262626266,0.6060606060606061,2.189584835496825,0.23449733296469613
4,2.475757575757576,2.727272727272727,2.1127827546562803,1.9351930484647433
4,2.5252525252525255,3.5353535353535355,1.3296386961398672,1.1277829526306402
4,2.574747474747475,9.595959595959595,0.9903537252322466,3.774589091396577
4,2.6242424242424245,7.6767676767676765,3.444363543799781,7.486736918415416
4,2.673737373737374,5.858585858585858,4.989472975644602,10.0
4,2.7232323232323234,8.484848484848484,2.3094311145828277,6.239074313460584
4,2.7727272727272734,7.6767676767676765,1.9399147053217873,4.931878820769287
4,2.822222222222223,1.0101010101010102,5.0,0.01
4,2.8717171717171723,0.9090909090909091,2.116138725790899,0.2225044115316021
4,2.921212121212122,5.656565656565657,3.871850029163788,10.0
4,2.9707070707070713,7.6767676767676765,1.818270050888564,1.7892987564228442
4,3.0202020202020208,6.161616161616162,2.5128910863453457,4.207817861809536
4,3.0696969696969703,9.393939393939394,1.2980753845773338,1.6466861536786033
4,3.1191919191919197,1.8181818181818181,4.200785556781753,3.6094065729275666
4,3.168686868686869,2.929292929292929,2.115944538646663,0.22215591620149636
4,3.2181818181818187,4.646464646464646,1.8226006959978802,2.9174492835745167
4,3.267676767676768,9.696969696969697,2.6963819385987957,7.355036676416555
4,3.3171717171717177,0.6060606060606061,5.0,0.01
4,3.366666666666667,9.8989898989899,1.6612856606484077,3.8544704270329833
4,3.4161616161616166,2.121212121212121,2.069294417431727,0.21627119211031895
4,3.465656565656566,0.7070707070707071,5.0,0.01
4,3.5151515151515156,3.8383838383838382,2.941382397050792,2.6084498674178227
4,3.564646464646465,3.9393939393939394,1.762548377954033,2.1679341246426937
4,3.6141414141414145,5.959595959595959,5.0,8.648855236754377
4,3.663636363636364,3.6363636363636362,5.0,3.9943042197472893
4,3.7131313131313135,5.353535353535354,2.043486090703309,1.4133946146568441
4,3.762626262626263,0.40404040404040403,5.0,0.01
4,3.812121212121213,1.4141414141414141,5.0,2.4549266014437325
4,3.8616161616161624,2.8282828282828283,5.0,2.454926390677373
4,3.911111111111112,6.262626262626262,2.1555698719402865,2.2187283348314613
4,3.9606060606060614,1.1111111111111112,5.0,0.010000000000000012
4,4.01010101010101,7.575757575757575,1.3954541951049608,1.4900079383980178
4,4.05959595959596,1.1111111111111112,2.2485969221501385,0.24075887218245431
4,4.109090909090909,1.2121212121212122,5.0,0.01
4,4.158585858585859,6.161616161616162,5.0,6.181230605407349
4,4.208080808080808,0.40404040404040403,5.0,0.01
4,4.257575757575758,7.373737373737374,3.1680705663951647,5.7846885535957115
4,4.307070707070707,5.05050505050505,1.8080864288454648,1.331438584318291
4,4.356565656565657,2.121212121212121,2.248419155335667,0.24055960084806444
4,4.406060606060606,0.6060606060606061,5.0,0.01
4,4.455555555555556,5.454545454545454,2.115604399910858,0.22157059079592012
4,4.505050505050505,1.2121212121212122,5.0,3.4580539813371254
4,4.554545454545455,4.343434343434343,5.0,3.9942962968813607
4,4.604040404040404,3.9393939393939394,5.0,4.591126179892119
4,4.653535353535354,7.777777777777778,2.1026703337127683,2.040824871285716
4,4.703030303030303,5.05050505050505,2.1892195145535056,0.23402223780415968
4,4.752525252525253,8.383838383838384,3.32172931462668,10.0
4,4.802020202020202,0.7070707070707071,5.0,0.01
4,4.851515151515152,2.2222222222222223,5.0,0.01
4,4.901010101010101,7.2727272727272725,1.8320614899690963,3.7383401843872153
4,4.9505050505050505,8.686868686868687,5.0,5.85399140263752
4,5.0,3.6363636363636362,5.0,2.4549262527763287
5,0.1,1.6161616161616161,0.05515146868460219,1.604110640765955
5,0.14949494949494951,3.3333333333333335,0.45206713380008984,5.50015419544551
5,0.198989898989899,9.191919191919192,0.4294984417751597,1.778426367170364
5,0.2484848484848485,0.0,0.21270002695864018,0.01
5,0.297979797979798,4.141414141414141,0.3530265193139295,3.733728029948728
5,0.3474747474747475,2.0202020202020203,0.26200693069108116,2.0843250612878643
5,0.396969696969697,7.373737373737374,0.001,10.0
5,0.44646464646464656,6.262626262626262,1.0641952675218953,4.668819453444822
5,0.49595959595959604,1.1111111111111112,0.49811032743432715,0.39457648731921013
5,0.5454545454545455,7.171717171717171,0.6277191705771352,2.5042739061882067
5,0.594949494949495,3.6363636363636362,0.001,6.714697755876661
5,0.6444444444444445,6.767676767676767,1.3531189657824159,8.06778316551771
5,0.693939393939394,1.9191919191919191,0.7357467184132663,0.9113372099147276
5,0.7434343434343434,5.05050505050505,0.7129224493483856,3.0641556708693027
5,0.792929292929293,6.8686868686868685,0.11416380583856504,10.0
5,0.8424242424242425,6.8686868686868685,0.6501985864289349,10.0
5,0.891919191919192,5.454545454545454,0.6355369228886634,2.9081877498662756
5,0.9414141414141415,4.747474747474747,1.2123864318337354,4.365072013469205
5,0.990909090909091,5.454545454545454,0.754526935735935,2.6939699822849104
5,1.0404040404040407,3.6363636363636362,1.5361733173025978,10.0
5,1.0898989898989901,1.2121212121212122,1.0453326286451594,1.4233743750197472
5,1.1393939393939396,9.191919191919192,1.4023099116475446,6.729053710347674
5,1.188888888888889,7.070707070707071,0.7054927925934359,4.354376767076798
5,1.2383838383838386,1.3131313131313131,1.5816623554131042,1.8624406446868944
5,1.287878787878788,5.858585858585858,1.0670437459253086,2.320688856159993
5,1.3373737373737375,8.383838383838384,1.05271585630499,2.914463586216629
5,1.386868686868687,7.373737373737374,1.5492749816880356,10.0
5,1.4363636363636367,0.5050505050505051,1.37879732790254,0.8617820149311851
5,1.4858585858585862,3.9393939393939394,1.683705175456862,10.0
5,1.5353535353535357,8.484848484848484,1.4246503909983714,9.129124893822798
5,1.5848484848484852,8.484848484848484,3.705700657875976,10.0
5,1.6343434343434347,4.545454545454545,1.9784214851140938,5.844600144858446
5,1.6838383838383841,9.393939393939394,1.0770351524760713,6.434182078339564
5,1.7333333333333336,4.242424242424242,1.3930558611424202,1.9761296149509122
5,1.782828282828283,3.5353535353535355,0.9734011394521725,2.2886579541182495
5,1.8323232323232326,5.454545454545454,1.8513223942428882,2.5841758722156807
5,1.881818181818182,2.727272727272727,3.598366303032791,5.962836521568414
5,1.9313131313131315,9.8989898989899,0.7546516817162934,2.8906700503322904
5,1.9808080808080812,4.242424242424242,1.4421638764416065,1.86021878120151
5,2.0303030303030307,6.262626262626262,3.963835530017755,6.990488393428976
5,2.07979797979798,0.20202020202020202,1.9999919464867622,0.2076994937468557
5,2.1292929292929297,6.262626262626262,3.088806533428749,10.0
5,2.178787878787879,7.2727272727272725,1.58893718632404,10.0
5,2.2282828282828286,3.9393939393939394,1.9853136990030222,2.943847322480371
5,2.277777777777778,4.646464646464646,1.8491940668242055,3.29892315738402
5,2.3272727272727276,10.0,1.151484659420011,4.994489574896701
5,2.376767676767677,4.141414141414141,3.371646350317761,6.830867173968719
5,2.4262626262626266,0.6060606060606061,2.049877681198793,0.2127394883198249
5,2.475757575757576,2.727272727272727,3.117422545240994,2.3714867009027287
5,2.5252525252525255,3.5353535353535355,2.5808439036699027,2.79553532689906
5,2.574747474747475,9.595959595959595,1.499014496010691,4.574981474859469
5,2.6242424242424245,7.6767676767676765,2.568571538571161,8.428757704400619
5,2.673737373737374,5.858585858585858,1.596933395805461,4.329923781123742
5,2.7232323232323234,8.484848484848484,1.1361822640164374,2.2428908381666326
5,2.7727272727272734,7.6767676767676765,2.7493882127813545,5.051774336483548
5,2.822222222222223,1.0101010101010102,2.118778802133877,0.22758743906389034
5,2.8717171717171723,0.9090909090909091,5.0,0.01
5,2.921212121212122,5.656565656565657,2.2722152533887,4.729222408331536
5,2.9707070707070713,7.6767676767676765,2.0141467720307595,2.827347159857508
5,3.0202020202020208,6.161616161616162,1.2623572129810916,2.44218395926144
5,3.0696969696969703,9.393939393939394,1.629159642682665,10.0
5,3.1191919191919197,1.8181818181818181,5.0,0.01
5,3.168686868686869,2.929292929292929,1.9697952154739526,0.19655251203994417
5,3.2181818181818187,4.646464646464646,5.0,6.197416518052132
5,3.267676767676768,9.696969696969697,2.986260108377747,4.864002873057644
5,3.3171717171717177,0.6060606060606061,2.246539966668387,0.2387772448720147
5,3.366666666666667,9.8989898989899,1.0801661341141446,2.936039387925236
5,3.4161616161616166,2.121212121212121,2.24875778074665,0.24093089359858988
5,3.465656565656566,0.7070707070707071,5.0,0.01
5,3.5151515151515156,3.8383838383838382,2.0497365690602565,0.21220209022991873
5,3.564646464646465,3.9393939393939394,2.0166333243957717,0.219113395024277
5,3.6141414141414145,5.959595959595959,2.7518592790945555,4.432183286313602
5,3.663636363636364,3.6363636363636362,2.0504931041803216,0.21545227262969074
5,3.7131313131313135,5.353535353535354,2.735506655915057,2.411598440635499
5,3.762626262626263,0.40404040404040403,5.0,0.01
5,3.812121212121213,1.4141414141414141,5.0,0.01
5,3.8616161616161624,2.8282828282828283,3.5943325051625434,2.9345375986320477
5,3.911111111111112,6.262626262626262,5.0,7.886463254340074
5,3.9606060606060614,1.1111111111111112,2.253234390915732,0.2452400306765558
5,4.01010101010101,7.575757575757575,4.200781057302106,3.6094321766217687
5,4.05959595959596,1.1111111111111112,5.0,0.01
5,4.109090909090909,1.2121212121212122,5.0,0.01
5,4.158585858585859,6.161616161616162,3.877049907230608,5.108727237521214
5,4.208080808080808,0.40404040404040403,5.0,0.010000000000000108
5,4.257575757575758,7.373737373737374,5.0,8.4967025322742
5,4.307070707070707,5.05050505050505,4.81071069664335,5.778871029304347
5,4.356565656565657,2.121212121212121,4.636346471567813,3.200352362602081
5,4.406060606060606,0.6060606060606061,5.0,0.01
5,4.455555555555556,5.454545454545454,2.8127328687597735,2.3197505196920267
5,4.505050505050505,1.2121212121212122,5.0,0.01
5,4.554545454545455,4.343434343434343,5.0,2.45492647517997
5,4.604040404040404,3.9393939393939394,5.0,5.031789615664871
5,4.653535353535354,7.777777777777778,2.5401335356898898,4.60402331702488
5,4.703030303030303,5.05050505050505,5.0,5.952897918911742
5,4.752525252525253,8.383838383838384,3.6781719678862723,3.878555998817223
5,4.802020202020202,0.7070707070707071,5.0,0.01
5,4.851515151515152,2.2222222222222223,5.0,0.01
5,4.901010101010101,7.2727272727272725,2.495176077288326,2.805332420191979
5,4.9505050505050505,8.686868686868687,3.9966021672691903,9.393033153658525
5,5.0,3.6363636363636362,2.1165118765441897,0.22312825750889542
6,0.1,1.6161616161616161,0.12707294147857234,2.470131906362997
6,0.14949494949494951,3.3333333333333335,0.3286102049452586,2.5534143390747386
6,0.198989898989899,9.191919191919192,0.40599621966450683,2.051175299147548
6,0.2484848484848485,0.0,0.1932992018590654,0.01
6,0.297979797979798,4.141414141414141,0.6566176107370021,6.684847449268698
6,0.3474747474747475,2.0202020202020203,0.5776725871748116,2.469935710923094
6,0.396969696969697,7.373737373737374,0.5355084165474076,10.0
6,0.44646464646464656,6.262626262626262,0.5664841065229116,3.249699472741918
6,0.49595959595959604,1.1111111111111112,0.5652172209870341,0.8704355070584984
6,0.5454545454545455,7.171717171717171,1.0180541190771761,10.0
6,0.594949494949495,3.6363636363636362,0.40857338503730656,5.1779920608812455
6,0.6444444444444445,6.767676767676767,1.3462288048047424,6.044410478423829
6,0.693939393939394,1.9191919191919191,0.5176496378970193,0.7707857505297712
6,0.7434343434343434,5.05050505050505,1.038163693562876,4.165424626483518
6,0.792929292929293,6.8686868686868685,0.4421463917401619,5.07494719131134
6,0.8424242424242425,6.8686868686868685,0.4184548621299225,3.1221083336864375
6,0.891919191919192,5.454545454545454,0.7613341993162454,4.92861546710122
6,0.9414141414141415,4.747474747474747,1.474229931289985,8.260115547091827
6,0.990909090909091,5.454545454545454,0.777322369658771,3.2304962548420373
6,1.0404040404040407,3.6363636363636362,0.7224791638794661,1.9636386552196416
6,1.0898989898989901,1.2121212121212122,0.9630431124646014,1.0121426309397008
6,1.1393939393939396,9.191919191919192,1.1587151583436597,5.718072473680353
6,1.188888888888889,7.070707070707071,1.919939370554821,8.528528436890928
6,1.2383838383838386,1.3131313131313131,1.4176995741266736,1.672164600530328
6,1.287878787878788,5.858585858585858,0.7588236057051366,4.338207144927054
6,1.3373737373737375,8.383838383838384,0.5978838765596652,10.0
6,1.386868686868687,7.373737373737374,1.2783843043901897,5.719013276739457
6,1.4363636363636367,0.5050505050505051,1.3611762380559858,0.01
6,1.4858585858585862,3.9393939393939394,2.6222155388448716,10.0
6,1.5353535353535357,8.484848484848484,1.3469389194592924,8.802817896777528
6,1.5848484848484852,8.484848484848484,3.7633929885567694,9.544033179722414
6,1.6343434343434347,4.545454545454545,1.2737203763934741,1.9714709284205356
6,1.6838383838383841,9.393939393939394,0.7597465849007262,4.562011796260092
6,1.7333333333333336,4.242424242424242,2.9456206358965504,10.0
6,1.782828282828283,3.5353535353535355,1.3677510996739672,2.0248123960098163
6,1.8323232323232326,5.454545454545454,1.2603210572824226,2.7243063813788915
6,1.881818181818182,2.727272727272727,1.5505225403446283,0.7670068576747626
6,1.9313131313131315,9.8989898989899,1.7393502860655548,10.0
6,1.9808080808080812,4.242424242424242,1.2194997851795764,2.28843437040535
6,2.0303030303030307,6.262626262626262,2.8772273248033615,10.0
6,2.07979797979798,0.20202020202020202,5.0,0.01
6,2.1292929292929297,6.262626262626262,4.712773065413991,9.080367050210706
6,2.178787878787879,7.2727272727272725,1.7292230536571038,2.921979310681798
6,2.2282828282828286,3.9393939393939394,2.1302302934201,5.653437121787249
6,2.277777777777778,4.646464646464646,3.314450316701285,8.296995551384637
6,2.3272727272727276,10.0,2.1957722983340227,5.65463485858063
6,2.376767676767677,4.141414141414141,1.8445919717491506,2.3292920445198857
6,2.4262626262626266,0.6060606060606061,2.1921415413851166,0.23767951297186385
6,2.475757575757576,2.727272727272727,4.686628802713786,3.922422380562404
6,2.5252525252525255,3.5353535353535355,1.6196384374744714,1.437531452177134
6,2.574747474747475,9.595959595959595,2.639988851438498,5.297765529099659
6,2.6242424242424245,7.6767676767676765,1.380437269539202,2.666326247053078
6,2.673737373737374,5.858585858585858,5.0,10.0
6,2.7232323232323234,8.484848484848484,1.4179152045895862,1.9214219541626805
6,2.7727272727272734,7.6767676767676765,1.4179184248818124,1.9214110220139409
6,2.822222222222223,1.0101010101010102,5.0,0.01
6,2.8717171717171723,0.9090909090909091,2.1918422039751153,0.23726299887060637
6,2.921212121212122,5.656565656565657,5.0,8.252976614600788
6,2.9707070707070713,7.6767676767676765,2.5168927620791677,7.294333826495488
6,3.0202020202020208,6.161616161616162,5.0,5.518847243373054
6,3.0696969696969703,9.393939393939394,1.3866847659682577,2.9998975169774242
6,3.1191919191919197,1.8181818181818181,2.1189864153862454,0.22796141324992072
6,3.168686868686869,2.929292929292929,3.1174533577380594,2.37149324206602
6,3.2181818181818187,4.646464646464646,3.0247150615754785,4.653902401875536
6,3.267676767676768,9.696969696969697,4.5427652391306035,10.0
6,3.3171717171717177,0.6060606060606061,5.0,0.01
6,3.366666666666667,9.8989898989899,3.8125263359221337,6.155217264986307
6,3.4161616161616166,2.121212121212121,2.1155105518067043,0.221273857003304
6,3.465656565656566,0.7070707070707071,2.1486602370582983,0.22921677477766456
6,3.5151515151515156,3.8383838383838382,5.0,2.4549264138850133
6,3.564646464646465,3.9393939393939394,3.8669079127518025,4.280684661901442
6,3.6141414141414145,5.959595959595959,4.181038465754362,7.598483334965704
6,3.663636363636364,3.6363636363636362,3.0315018831084246,2.506971151645767
6,3.7131313131313135,5.353535353535354,3.1818889789085714,2.824716095591634
6,3.762626262626263,0.40404040404040403,5.0,0.01
6,3.812121212121213,1.4141414141414141,5.0,0.01
6,3.8616161616161624,2.8282828282828283,5.0,6.181221283973007
6,3.911111111111112,6.262626262626262,3.692272320569851,4.292197153986273
6,3.9606060606060614,1.1111111111111112,5.0,0.01
6,4.01010101010101,7.575757575757575,2.480492226383951,3.8103638602812433
6,4.05959595959596,1.1111111111111112,5.0,0.01
6,4.109090909090909,1.2121212121212122,2.117190726358146,0.22450066194382665
6,4.158585858585859,6.161616161616162,5.0,6.928424891431719
6,4.208080808080808,0.40404040404040403,3.028034397509136,0.01
6,4.257575757575758,7.373737373737374,4.066356336506858,5.978773979120358
6,4.307070707070707,5.05050505050505,2.050547504312747,0.215692487700064
6,4.356565656565657,2.121212121212121,4.636340740896086,3.2003627136191564
6,4.406060606060606,0.6060606060606061,5.0,0.043660522806579394
6,4.455555555555556,5.454545454545454,4.2788069978764565,4.704265830722518
6,4.505050505050505,1.2121212121212122,5.0,0.01
6,4.554545454545455,4.343434343434343,2.843551862290332,3.8135651853904804
6,4.604040404040404,3.9393939393939394,5.0,0.01
6,4.653535353535354,7.777777777777778,1.9110858369356392,1.761798641876747
6,4.703030303030303,5.05050505050505,1.9999857706935755,0.20361492559913405
6,4.752525252525253,8.383838383838384,4.935732588919378,10.0
6,4.802020202020202,0.7070707070707071,5.0,0.01
6,4.851515151515152,2.2222222222222223,5.0,0.01
6,4.901010101010101,7.2727272727272725,5.0,10.0
6,4.9505050505050505,8.686868686868687,2.06252855710124,2.5565820954409255
6,5.0,3.6363636363636362,2.1906445222182604,0.23590423400463742
7,0.1,1.6161616161616161,0.37109707639032696,1.1606366123776415
7,0.14949494949494951,3.3333333333333335,0.12724387023482772,2.6818677109111033
7,0.198989898989899,9.191919191919192,0.001,6.141976370681954
7,0.2484848484848485,0.0,0.15323604996431614,0.01
7,0.297979797979798,4.141414141414141,0.24940068683050287,7.374702134733924
7,0.3474747474747475,2.0202020202020203,0.440584873943271,0.6895323940604451
7,0.396969696969697,7.373737373737374,0.4215970441417461,4.928989219175607
7,0.44646464646464656,6.262626262626262,0.009599241404529614,3.647119494941147
7,0.49595959595959604,1.1111111111111112,0.39956267012164964,1.1967003981138449
7,0.5454545454545455,7.171717171717171,0.7031861840170515,4.810848780609659
7,0.594949494949495,3.6363636363636362,0.5138255184631706,3.1061230215057103
7,0.6444444444444445,6.767676767676767,0.5586474415690217,3.465564393455092
7,0.693939393939394,1.9191919191919191,0.6961075159692035,1.640307985109563
7,0.7434343434343434,5.05050505050505,0.18611573003851337,10.0
7,0.792929292929293,6.8686868686868685,1.575656488075234,10.0
7,0.8424242424242425,6.8686868686868685,0.6449068837028026,4.930478645309606
7,0.891919191919192,5.454545454545454,0.36544483931278443,2.3366342072873354
7,0.9414141414141415,4.747474747474747,0.9959782424395908,2.787307151336477
7,0.990909090909091,5.454545454545454,0.9986558850543912,1.861389024244056
7,1.0404040404040407,3.6363636363636362,1.1475734043481483,3.934338503709185
7,1.0898989898989901,1.2121212121212122,1.4121582705865192,1.142571727082228
7,1.1393939393939396,9.191919191919192,0.7775166798792348,8.212404865231271
7,1.188888888888889,7.070707070707071,1.1244791461087715,3.6017807568878095
7,1.2383838383838386,1.3131313131313131,1.4858672589490889,2.420062313655652
7,1.287878787878788,5.858585858585858,0.9500507907675317,4.1769672252481715
7,1.3373737373737375,8.383838383838384,0.001,7.067580649356839
7,1.386868686868687,7.373737373737374,1.2071307460129563,3.486670803318026
7,1.4363636363636367,0.5050505050505051,1.274999314175963,0.5717052604184651
7,1.4858585858585862,3.9393939393939394,1.6295925736621566,6.076395530199347
7,1.5353535353535357,8.484848484848484,2.504467074423428,10.0
7,1.5848484848484852,8.484848484848484,0.9364754715708339,3.090297743444169
7,1.6343434343434347,4.545454545454545,3.941735605106707,10.0
7,1.6838383838383841,9.393939393939394,0.8787728487805511,1.8321862998435672
7,1.7333333333333336,4.242424242424242,3.0489783529140615,6.1076831939205976
7,1.782828282828283,3.5353535353535355,1.2382234563743841,2.1885806626403963
7,1.8323232323232326,5.454545454545454,1.849102617730993,5.749736167624155
7,1.881818181818182,2.727272727272727,1.5094978046195906,2.0949612776278252
7,1.9313131313131315,9.8989898989899,1.6563023126020686,10.0
7,1.9808080808080812,4.242424242424242,1.6200316307352818,4.178398680534367
7,2.0303030303030307,6.262626262626262,2.7462186178312713,10.0
7,2.07979797979798,0.20202020202020202,2.0796112273896115,0.2487479833838354
7,2.1292929292929297,6.262626262626262,3.977461105733772,10.0
7,2.178787878787879,7.2727272727272725,1.6699681978821692,10.0
7,2.2282828282828286,3.9393939393939394,3.5991477878766935,5.964198417519331
7,2.277777777777778,4.646464646464646,1.253944308753302,2.3554074237711533
7,2.3272727272727276,10.0,1.8395828285626514,10.0
7,2.376767676767677,4.141414141414141,3.5205906595495478,10.0
7,2.4262626262626266,0.6060606060606061,5.0,0.01
7,2.475757575757576,2.727272727272727,4.835386092839038,6.338540395862352
7,2.5252525252525255,3.5353535353535355,1.8460953443423982,1.2852889660596862
7,2.574747474747475,9.595959595959595,3.520590730796114,10.0
7,2.6242424242424245,7.6767676767676765,2.9456241511415304,10.0
7,2.673737373737374,5.858585858585858,2.3754043592394316,4.5642555520799695
7,2.7232323232323234,8.484848484848484,3.088799150097021,10.0
7,2.7727272727272734,7.6767676767676765,2.832729318866735,10.0
7,2.822222222222223,1.0101010101010102,5.0,0.01
7,2.8717171717171723,0.9090909090909091,2.1909682081892434,0.23629017205190564
7,2.921212121212122,5.656565656565657,1.308367799428134,2.31139999445306
7,2.9707070707070713,7.6767676767676765,2.218056304639888,4.790969497609378
7,3.0202020202020208,6.161616161616162,1.5881479916441978,2.3575111294348874
7,3.0696969696969703,9.393939393939394,1.510144194022521,10.0
7,3.1191919191919197,1.8181818181818181,5.0,0.01
7,3.168686868686869,2.929292929292929,4.686642826082812,3.922400977533894
7,3.2181818181818187,4.646464646464646,4.06643735843132,5.9780736510659125
7,3.267676767676768,9.696969696969697,2.8997994418585993,10.0
7,3.3171717171717177,0.6060606060606061,5.0,0.01
7,3.366666666666667,9.8989898989899,1.7828798605366378,3.2100499014693513
7,3.4161616161616166,2.121212121212121,2.1165229126185734,0.22324273661309177
7,3.465656565656566,0.7070707070707071,2.247149703957,0.23932697710215914
7,3.5151515151515156,3.8383838383838382,5.0,0.01000000000000006
7,3.564646464646465,3.9393939393939394,5.0,3.994303953825582
7,3.6141414141414145,5.959595959595959,2.3438547844934607,2.5944355823962684
7,3.663636363636364,3.6363636363636362,5.0,4.9960017534973105
7,3.7131313131313135,5.353535353535354,5.0,8.344418083016695
7,3.762626262626263,0.40404040404040403,5.0,0.01
7,3.812121212121213,1.4141414141414141,2.248831529583554,0.24098986446455858
7,3.8616161616161624,2.8282828282828283,2.187116363356029,0.23144685119120217
7,3.911111111111112,6.262626262626262,2.2486347193753677,1.631964326295346
7,3.9606060606060614,1.1111111111111112,2.189028552188655,0.23376057501702285
7,4.01010101010101,7.575757575757575,4.3076411313967,5.670461186026265
7,4.05959595959596,1.1111111111111112,5.0,0.01
7,4.109090909090909,1.2121212121212122,5.0,0.01
7,4.158585858585859,6.161616161616162,4.6865584935411935,3.922365020029944
7,4.208080808080808,0.40404040404040403,5.0,0.01
7,4.257575757575758,7.373737373737374,2.001244123222756,1.8958193092158164
7,4.307070707070707,5.05050505050505,5.0,7.053385132172707
7,4.356565656565657,2.121212121212121,2.2487513400864394,0.24090638007628978
7,4.406060606060606,0.6060606060606061,5.0,0.01000000000000003
7,4.455555555555556,5.454545454545454,2.5191248099030523,1.8905310347488389
7,4.505050505050505,1.2121212121212122,5.0,0.01
7,4.554545454545455,4.343434343434343,4.079597065508556,5.584732003769776
7,4.604040404040404,3.9393939393939394,2.01643503670233,0.21641006983754618
7,4.653535353535354,7.777777777777778,1.842001774616679,3.5221244133749603
7,4.703030303030303,5.05050505050505,3.8774107589419913,4.707725309478361
7,4.752525252525253,8.383838383838384,3.725873584699386,2.761693256604164
7,4.802020202020202,0.7070707070707071,5.0,0.01
7,4.851515151515152,2.2222222222222223,5.0,0.010000000000000167
7,4.901010101010101,7.2727272727272725,5.0,8.359630228755838
7,4.9505050505050505,8.686868686868687,1.991519990401672,2.0703208853845023
7,5.0,3.6363636363636362,5.0,2.4549250282375676
8,0.1,1.6161616161616161,0.08526110423681892,1.3390013902166704
8,0.14949494949494951,3.3333333333333335,0.18953367892446504,4.770522922182532
8,0.198989898989899,9.191919191919192,0.001,5.8622728156741895
8,0.2484848484848485,0.0,0.29450857261008884,0.01
8,0.297979797979798,4.141414141414141,0.021163495097020413,10.0
8,0.3474747474747475,2.0202020202020203,0.47646350725760966,2.7869719728140114
8,0.396969696969697,7.373737373737374,0.8312439257650404,5.632237095301925
8,0.44646464646464656,6.262626262626262,0.622460508032877,3.4664233334268277
8,0.49595959595959604,1.1111111111111112,0.5814009002422658,1.0777493654523636
8,0.5454545454545455,7.171717171717171,0.021163501261403053,10.0
8,0.594949494949495,3.6363636363636362,0.4274811787941275,1.511365164635648
8,0.6444444444444445,6.767676767676767,0.0010146340163788932,8.435382969881804
8,0.693939393939394,1.9191919191919191,0.9384771698437608,3.8561133424605774
8,0.7434343434343434,5.05050505050505,0.5513332623860165,2.3242031942672594
8,0.792929292929293,6.8686868686868685,0.7838105738848505,9.54148231277254
8,0.8424242424242425,6.8686868686868685,0.33436697716468466,2.202660461119864
8,0.891919191919192,5.454545454545454,0.7214291254271487,0.9384148693696095
8,0.9414141414141415,4.747474747474747,1.4388222279859624,6.082178976942746
8,0.990909090909091,5.454545454545454,0.5074554695655875,1.2119817629180418
8,1.0404040404040407,3.6363636363636362,0.757575842297591,1.634574145353367
8,1.0898989898989901,1.2121212121212122,1.169143279469731,1.2401757008931469
8,1.1393939393939396,9.191919191919192,1.9590582927503617,10.0
8,1.188888888888889,7.070707070707071,0.8144007237862391,4.421068744233562
8,1.2383838383838386,1.3131313131313131,1.2294006409508016,1.0812313971915337
8,1.287878787878788,5.858585858585858,1.829438648565486,8.301393773438589
8,1.3373737373737375,8.383838383838384,1.5523882278118286,8.530555294637619
8,1.386868686868687,7.373737373737374,2.4106666844456117,10.0
8,1.4363636363636367,0.5050505050505051,1.195392623244969,0.06762249628689873
8,1.4858585858585862,3.9393939393939394,1.334602431563211,3.451555907813866
8,1.5353535353535357,8.484848484848484,1.3461988732923784,10.0
8,1.5848484848484852,8.484848484848484,0.9385998391841015,2.523330014126324
8,1.6343434343434347,4.545454545454545,2.363224274345645,8.171083201379263
8,1.6838383838383841,9.393939393939394,2.2678864342906424,10.0
8,1.7333333333333336,4.242424242424242,1.649577326397911,2.720577021069873
8,1.782828282828283,3.5353535353535355,1.6792045030663574,1.5472882832516197
8,1.8323232323232326,5.454545454545454,1.6955700478594344,2.9837961516353424
8,1.881818181818182,2.727272727272727,1.9915113313886093,2.070308720679829
8,1.9313131313131315,9.8989898989899,1.1667517164868813,10.0
8,1.9808080808080812,4.242424242424242,3.088805697768248,10.0
8,2.0303030303030307,6.262626262626262,2.86084210637783,6.8896442771996345
8,2.07979797979798,0.20202020202020202,5.0,0.010000000000000009
8,2.1292929292929297,6.262626262626262,2.622211122054732,10.0
8,2.178787878787879,7.2727272727272725,1.783904530794973,2.053353260517518
8,2.2282828282828286,3.9393939393939394,1.5768061612328792,2.0576077225540557
8,2.277777777777778,4.646464646464646,1.6950842490192806,3.5027233884249243
8,2.3272727272727276,10.0,1.1437894943158113,3.0641062676352404
8,2.376767676767677,4.141414141414141,1.498590867389053,2.26143847321751
8,2.4262626262626266,0.6060606060606061,2.2508386050881604,0.24294244214457938
8,2.475757575757576,2.727272727272727,4.20051300334652,3.6092073225510837
8,2.5252525252525255,3.5353535353535355,1.8803923338368318,1.4321535700541572
8,2.574747474747475,9.595959595959595,3.1496243865312685,9.94109158504711
8,2.6242424242424245,7.6767676767676765,4.0137329159358766,10.0
8,2.673737373737374,5.858585858585858,1.9257251462795428,6.2634953458921405
8,2.7232323232323234,8.484848484848484,2.163274688699894,4.840995257382316
8,2.7727272727272734,7.6767676767676765,1.6434849467284767,4.342691231567883
8,2.822222222222223,1.0101010101010102,2.1886998792621495,0.23346614027542734
8,2.8717171717171723,0.9090909090909091,5.0,0.010000000000000233
8,2.921212121212122,5.656565656565657,2.3293985831852972,4.9814109979361385
8,2.9707070707070713,7.6767676767676765,1.8633578560033934,5.133907424910499
8,3.0202020202020208,6.161616161616162,2.1995617598857473,10.0
8,3.0696969696969703,9.393939393939394,2.9823833765880337,6.234659149207267
8,3.1191919191919197,1.8181818181818181,3.800839229218677,3.3245741827968622
8,3.168686868686869,2.929292929292929,1.9697240123848723,0.19693732640614797
8,3.2181818181818187,4.646464646464646,5.0,7.100124224201879
8,3.267676767676768,9.696969696969697,2.144564799521177,5.389703012424077
8,3.3171717171717177,0.6060606060606061,5.0,0.01
8,3.366666666666667,9.8989898989899,1.9365227911087188,2.505413495595221
8,3.4161616161616166,2.121212121212121,5.0,0.01000000000000007
8,3.465656565656566,0.7070707070707071,5.0,0.01
8,3.5151515151515156,3.8383838383838382,2.941350970722534,2.608402849624222
8,3.564646464646465,3.9393939393939394,5.0,3.734663642276778
8,3.6141414141414145,5.959595959595959,5.0,4.814665889136632
8,3.663636363636364,3.6363636363636362,2.978218607303613,3.5854142367274977
8,3.7131313131313135,5.353535353535354,3.3525947036125525,5.999228475860057
8,3.762626262626263,0.40404040404040403,5.0,0.01
8,3.812121212121213,1.4141414141414141,2.24820298866562,0.24042758605150283
8,3.8616161616161624,2.8282828282828283,2.0941957582679716,0.22700735166871236
8,3.911111111111112,6.262626262626262,4.83822853719748,7.865952683913101
8,3.9606060606060614,1.1111111111111112,2.1864800651491603,0.2307166432491236
8,4.01010101010101,7.575757575757575,1.920768861107918,2.220278831080049
8,4.05959595959596,1.1111111111111112,2.187482489949137,0.23188133481560305
8,4.109090909090909,1.2121212121212122,5.0,0.01
8,4.158585858585859,6.161616161616162,5.0,6.944075530198952
8,4.208080808080808,0.40404040404040403,5.0,0.010000000000000077
8,4.257575757575758,7.373737373737374,4.286072384065713,8.851868443193128
8,4.307070707070707,5.05050505050505,5.0,3.159063011957382
8,4.356565656565657,2.121212121212121,4.686660689557122,3.9224279227205217
8,4.406060606060606,0.6060606060606061,5.0,0.01
8,4.455555555555556,5.454545454545454,2.032130541599719,0.20928107458100575
8,4.505050505050505,1.2121212121212122,5.0,0.01
8,4.554545454545455,4.343434343434343,2.249951860365796,0.2420778528470749
8,4.604040404040404,3.9393939393939394,3.6783698646844107,3.87889032226429
8,4.653535353535354,7.777777777777778,2.7781163264113773,6.9286025458411995
8,4.703030303030303,5.05050505050505,5.0,0.01
8,4.752525252525253,8.383838383838384,5.0,6.912762886298271
8,4.802020202020202,0.7070707070707071,5.0,0.01
8,4.851515151515152,2.2222222222222223,5.0,2.4549262325081633
8,4.901010101010101,7.2727272727272725,2.783851561163271,5.506641966622879
8,4.9505050505050505,8.686868686868687,4.781047713736141,10.0
8,5.0,3.6363636363636362,2.256703876779278,0.2485988101312929
9,0.1,1.6161616161616161,0.014119878084273658,1.8443433292015983
9,0.14949494949494951,3.3333333333333335,0.005257669253459283,3.534090305959743
9,0.198989898989899,9.191919191919192,0.001,8.111334603820872
9,0.2484848484848485,0.0,0.21689190257325064,0.01
9,0.297979797979798,4.141414141414141,0.2680348411155423,2.5204280858253156
9,0.3474747474747475,2.0202020202020203,0.13998487424333383,3.087297646133507
9,0.396969696969697,7.373737373737374,0.6484473314630836,3.238613609999527
9,0.44646464646464656,6.262626262626262,0.001,4.425793693186868
9,0.49595959595959604,1.1111111111111112,0.5236853620468177,0.8858251791097073
9,0.5454545454545455,7.171717171717171,0.08323758369314581,10.0
9,0.594949494949495,3.6363636363636362,0.7547434985586878,2.3356589661833187
9,0.6444444444444445,6.767676767676767,0.001,5.731261377024011
9,0.693939393939394,1.9191919191919191,0.7047938357147753,1.1547361972329413
9,0.7434343434343434,5.05050505050505,0.5147968463760915,10.0
9,0.792929292929293,6.8686868686868685,0.6187729516595705,10.0
9,0.8424242424242425,6.8686868686868685,0.5978886706814338,10.0
9,0.891919191919192,5.454545454545454,0.8153300022668505,7.4211192447890175
9,0.9414141414141415,4.747474747474747,1.7571345189216305,5.862908008902221
9,0.990909090909091,5.454545454545454,1.5756572673011429,10.0
9,1.0404040404040407,3.6363636363636362,0.7562586170870814,3.6580079661972986
9,1.0898989898989901,1.2121212121212122,1.2032111990720444,0.5632954025724817
9,1.1393939393939396,9.191919191919192,0.6607003766382635,10.0
9,1.188888888888889,7.070707070707071,2.6833876275701134,10.0
9,1.2383838383838386,1.3131313131313131,1.2016577169820808,1.406184432426377
9,1.287878787878788,5.858585858585858,2.9688787896211775,10.0
9,1.3373737373737375,8.383838383838384,1.242585943362564,5.7876822131478125
9,1.386868686868687,7.373737373737374,0.9492687176715195,3.4324920118091815
9,1.4363636363636367,0.5050505050505051,1.8619748309402844,0.1707150386919348
9,1.4858585858585862,3.9393939393939394,1.1660525388970073,3.3556619853551357
9,1.5353535353535357,8.484848484848484,1.2511373646030357,5.355555242846459
9,1.5848484848484852,8.484848484848484,2.2334827344640322,10.0
9,1.6343434343434347,4.545454545454545,3.5806727089931822,10.0
9,1.6838383838383841,9.393939393939394,1.0789705252642712,4.950253539243646
9,1.7333333333333336,4.242424242424242,3.4995403830717913,6.451653877624588
9,1.782828282828283,3.5353535353535355,0.9823197842131056,1.9806188008058103
9,1.8323232323232326,5.454545454545454,2.7911763616644203,8.225690126697584
9,1.881818181818182,2.727272727272727,1.558809871178299,1.9479778627757616
9,1.9313131313131315,9.8989898989899,1.5231301178551258,10.0
9,1.9808080808080812,4.242424242424242,1.3323696651482269,1.9801514055016318
9,2.0303030303030307,6.262626262626262,3.3768340670493306,10.0
9,2.07979797979798,0.20202020202020202,2.050229971400491,0.2143680046776163
9,2.1292929292929297,6.262626262626262,3.0537284401723013,7.272472484547901
9,2.178787878787879,7.2727272727272725,2.100539465266453,10.0
9,2.2282828282828286,3.9393939393939394,1.2453406242585867,1.6578388480413317
9,2.277777777777778,4.646464646464646,2.2700395580855846,2.595532492156489
9,2.3272727272727276,10.0,1.657765868040858,2.5278132577288854
9,2.376767676767677,4.141414141414141,1.5812923665374488,1.2154893269354354
9,2.4262626262626266,0.6060606060606061,5.0,0.01
9,2.475757575757576,2.727272727272727,2.108609444092263,2.730204094330416
9,2.5252525252525255,3.5353535353535355,2.6996852061661367,3.966596983996163
9,2.574747474747475,9.595959595959595,2.8770779705292755,7.353374016332458
9,2.6242424242424245,7.6767676767676765,4.831557704223605,10.0
9,2.673737373737374,5.858585858585858,2.277017080589326,6.825667990367092
9,2.7232323232323234,8.484848484848484,2.0737381482122603,3.5761188851055623
9,2.7727272727272734,7.6767676767676765,2.676055160001466,6.125921858079563
9,2.822222222222223,1.0101010101010102,2.188844402217343,0.23369055652176626
9,2.8717171717171723,0.9090909090909091,2.2478186286130812,0.23997621182955567
9,2.921212121212122,5.656565656565657,4.066595675914187,5.978569082154608
9,2.9707070707070713,7.6767676767676765,1.8865829401529262,2.983235604952974
9,3.0202020202020208,6.161616161616162,1.87719784665284,2.4744467344822807
9,3.0696969696969703,9.393939393939394,3.2206939675445585,7.101750886617244
9,3.1191919191919197,1.8181818181818181,5.0,0.01
9,3.168686868686869,2.929292929292929,2.1690998552364413,0.2092073810114372
9,3.2181818181818187,4.646464646464646,3.5265587729690333,4.282963982892658
9,3.267676767676768,9.696969696969697,3.3217311347273086,10.0
9,3.3171717171717177,0.6060606060606061,5.0,0.01
9,3.366666666666667,9.8989898989899,2.78907340308381,10.0
9,3.4161616161616166,2.121212121212121,5.0,0.01
9,3.465656565656566,0.7070707070707071,5.0,0.01
9,3.5151515151515156,3.8383838383838382,2.0162986684353514,0.21438718479182614
9,3.564646464646465,3.9393939393939394,5.0,3.1590644853348775
9,3.6141414141414145,5.959595959595959,4.367406631759346,10.0
9,3.663636363636364,3.6363636363636362,3.7258100633476765,2.7615604926509674
9,3.7131313131313135,5.353535353535354,3.181905580101447,2.824740750286978
9,3.762626262626263,0.40404040404040403,5.0,0.01
9,3.812121212121213,1.4141414141414141,2.2494644845776817,0.2416056109352967
9,3.8616161616161624,2.8282828282828283,5.0,5.347619409936097
9,3.911111111111112,6.262626262626262,3.1778662452908235,7.760593053900523
9,3.9606060606060614,1.1111111111111112,5.0,0.01
9,4.01010101010101,7.575757575757575,2.051909792804954,1.6562469276410867
9,4.05959595959596,1.1111111111111112,5.0,0.01
9,4.109090909090909,1.2121212121212122,3.1864696696982806,0.01
9,4.158585858585859,6.161616161616162,4.0793880549423465,5.584136550598381
9,4.208080808080808,0.40404040404040403,5.0,0.01
9,4.257575757575758,7.373737373737374,3.3335525688100587,4.858961473737775
9,4.307070707070707,5.05050505050505,4.200816887014693,3.6094612541544113
9,4.356565656565657,2.121212121212121,5.0,0.01
9,4.406060606060606,0.6060606060606061,5.0,0.01
9,4.455555555555556,5.454545454545454,2.0716019866038393,0.22308321200397488
9,4.505050505050505,1.2121212121212122,5.0,0.01
9,4.554545454545455,4.343434343434343,5.0,7.595005329097197
9,4.604040404040404,3.9393939393939394,2.1894889803918933,0.23434114417295646
9,4.653535353535354,7.777777777777778,3.1736304981620442,4.758134418861328
9,4.703030303030303,5.05050505050505,5.0,6.018466134362622
9,4.752525252525253,8.383838383838384,5.0,10.0
9,4.802020202020202,0.7070707070707071,5.0,0.01
9,4.851515151515152,2.2222222222222223,5.0,0.01
9,4.901010101010101,7.2727272727272725,2.1026702284683854,2.0407980864594206
9,4.9505050505050505,8.686868686868687,2.4952074951902703,2.805340910768462
9,5.0,3.6363636363636362,2.160662688727382,0.19873623670170606
